CREATE DATABASE  IF NOT EXISTS `blog` /*!40100 DEFAULT CHARACTER SET latin1 */;
USE `blog`;
-- MySQL dump 10.13  Distrib 5.7.12, for Win64 (x86_64)
--
-- Host: localhost    Database: blog
-- ------------------------------------------------------
-- Server version	5.7.14

/*!40101 SET @OLD_CHARACTER_SET_CLIENT=@@CHARACTER_SET_CLIENT */;
/*!40101 SET @OLD_CHARACTER_SET_RESULTS=@@CHARACTER_SET_RESULTS */;
/*!40101 SET @OLD_COLLATION_CONNECTION=@@COLLATION_CONNECTION */;
/*!40101 SET NAMES utf8 */;
/*!40103 SET @OLD_TIME_ZONE=@@TIME_ZONE */;
/*!40103 SET TIME_ZONE='+00:00' */;
/*!40014 SET @OLD_UNIQUE_CHECKS=@@UNIQUE_CHECKS, UNIQUE_CHECKS=0 */;
/*!40014 SET @OLD_FOREIGN_KEY_CHECKS=@@FOREIGN_KEY_CHECKS, FOREIGN_KEY_CHECKS=0 */;
/*!40101 SET @OLD_SQL_MODE=@@SQL_MODE, SQL_MODE='NO_AUTO_VALUE_ON_ZERO' */;
/*!40111 SET @OLD_SQL_NOTES=@@SQL_NOTES, SQL_NOTES=0 */;

--
-- Table structure for table `answers`
--

DROP TABLE IF EXISTS `answers`;
/*!40101 SET @saved_cs_client     = @@character_set_client */;
/*!40101 SET character_set_client = utf8 */;
CREATE TABLE `answers` (
  `id` int(10) unsigned NOT NULL AUTO_INCREMENT,
  `question_id` int(11) DEFAULT NULL,
  `title` varchar(191) COLLATE utf8mb4_unicode_ci NOT NULL,
  `image_path` varchar(191) COLLATE utf8mb4_unicode_ci DEFAULT NULL,
  `created_at` timestamp NULL DEFAULT NULL,
  `updated_at` timestamp NULL DEFAULT NULL,
  `correct` int(11) DEFAULT NULL,
  PRIMARY KEY (`id`)
) ENGINE=MyISAM AUTO_INCREMENT=216 DEFAULT CHARSET=utf8mb4 COLLATE=utf8mb4_unicode_ci;
/*!40101 SET character_set_client = @saved_cs_client */;

--
-- Dumping data for table `answers`
--

LOCK TABLES `answers` WRITE;
/*!40000 ALTER TABLE `answers` DISABLE KEYS */;
INSERT INTO `answers` VALUES (55,49,'aa','aaa','2017-04-24 11:03:30','2017-04-24 11:03:30',0),(54,49,'aa','aaa','2017-04-24 11:03:30','2017-04-24 11:03:30',1),(53,48,'اسبانيا','aaa','2017-04-22 12:31:04','2017-04-22 12:31:04',1),(52,48,'فرنسا','aaa','2017-04-22 12:31:04','2017-04-22 12:31:04',0),(51,48,'ايطاليا','aaa','2017-04-22 12:31:03','2017-04-22 12:31:04',0),(50,47,'buyed','aaa','2017-04-21 20:58:09','2017-04-21 20:58:09',0),(48,47,'buys','aaa','2017-04-21 20:58:09','2017-04-21 20:58:09',0),(49,47,'bought','aaa','2017-04-21 20:58:09','2017-04-21 20:58:09',1),(47,46,'العراق','aaa','2017-04-21 20:52:54','2017-04-21 20:52:54',0),(46,46,'الجزائر','aaa','2017-04-21 20:52:54','2017-04-21 20:52:54',0),(45,46,'مصر','aaa','2017-04-21 20:52:54','2017-04-21 20:52:54',1),(44,45,'العراق','aaa','2017-04-21 20:51:23','2017-04-21 20:51:23',1),(43,45,'لبنان','aaa','2017-04-21 20:51:23','2017-04-21 20:51:23',0),(42,45,'مصر','aaa','2017-04-21 20:51:23','2017-04-21 20:51:23',0),(56,49,'aa','aaa','2017-04-24 11:03:30','2017-04-24 11:03:30',0),(57,50,'ww','aaa','2017-05-11 18:44:00','2017-05-11 18:44:00',1),(58,50,'www','aaa','2017-05-11 18:44:00','2017-05-11 18:44:00',0),(59,50,'wwww','aaa','2017-05-11 18:44:00','2017-05-11 18:44:00',0),(60,51,'qqq','aaa','2017-05-11 18:46:09','2017-05-11 18:46:09',1),(61,51,'qqqq','aaa','2017-05-11 18:46:09','2017-05-11 18:46:09',0),(62,51,'qqqqq','aaa','2017-05-11 18:46:09','2017-05-11 18:46:09',0),(63,52,'aaa','aaa','2017-05-11 18:47:21','2017-05-11 18:47:21',1),(64,52,'aaa','aaa','2017-05-11 18:47:21','2017-05-11 18:47:21',0),(65,52,'aaaaa','aaa','2017-05-11 18:47:21','2017-05-11 18:47:21',0),(66,79,'s','aaa','2017-05-11 19:59:04','2017-05-11 19:59:04',0),(67,79,'s','aaa','2017-05-11 19:59:04','2017-05-11 19:59:04',0),(68,79,'s','aaa','2017-05-11 19:59:04','2017-05-11 19:59:04',1),(69,80,'e','aaa','2017-05-12 05:18:54','2017-05-12 05:18:54',0),(70,80,'e','aaa','2017-05-12 05:18:54','2017-05-12 05:18:54',1),(71,80,'e','aaa','2017-05-12 05:18:54','2017-05-12 05:18:54',0),(72,81,'d','aaa','2017-05-12 05:26:49','2017-05-12 05:26:49',1),(73,81,'d','aaa','2017-05-12 05:26:49','2017-05-12 05:26:49',0),(74,81,'d','aaa','2017-05-12 05:26:49','2017-05-12 05:26:49',0),(75,82,'d','aaa','2017-05-12 05:27:51','2017-05-12 05:27:51',0),(76,82,'d','aaa','2017-05-12 05:27:51','2017-05-12 05:27:51',0),(77,82,'d','aaa','2017-05-12 05:27:51','2017-05-12 05:27:51',1),(78,83,'d','aaa','2017-05-12 05:28:36','2017-05-12 05:28:36',1),(79,83,'d','aaa','2017-05-12 05:28:36','2017-05-12 05:28:36',0),(80,83,'dd','aaa','2017-05-12 05:28:36','2017-05-12 05:28:36',0),(81,84,'a','aaa','2017-05-12 05:31:45','2017-05-12 05:31:45',1),(82,84,'a','aaa','2017-05-12 05:31:45','2017-05-12 05:31:45',0),(83,84,'adsf','aaa','2017-05-12 05:31:45','2017-05-12 05:31:45',0),(84,85,'d','aaa','2017-05-12 05:32:58','2017-05-12 05:32:58',1),(85,85,'d','aaa','2017-05-12 05:32:58','2017-05-12 05:32:58',0),(86,85,'d','aaa','2017-05-12 05:32:58','2017-05-12 05:32:58',0),(87,86,'s','aaa','2017-05-12 05:34:48','2017-05-12 05:34:48',1),(88,86,'s','aaa','2017-05-12 05:34:48','2017-05-12 05:34:48',0),(89,86,'s','aaa','2017-05-12 05:34:48','2017-05-12 05:34:48',0),(90,87,'d','aaa','2017-05-12 05:36:18','2017-05-12 05:36:18',1),(91,87,'d','aaa','2017-05-12 05:36:18','2017-05-12 05:36:18',0),(92,87,'d','aaa','2017-05-12 05:36:18','2017-05-12 05:36:18',0),(93,88,'a','aaa','2017-05-12 05:36:50','2017-05-12 05:36:50',1),(94,88,'f','aaa','2017-05-12 05:36:50','2017-05-12 05:36:50',0),(95,88,'a','aaa','2017-05-12 05:36:50','2017-05-12 05:36:50',0),(96,89,'adf','aaa','2017-05-12 05:37:16','2017-05-12 05:37:16',1),(97,89,'adf','aaa','2017-05-12 05:37:16','2017-05-12 05:37:16',0),(98,89,'adf','aaa','2017-05-12 05:37:16','2017-05-12 05:37:16',0),(99,90,'a','aaa','2017-05-12 05:40:41','2017-05-12 05:40:41',1),(100,90,'a','aaa','2017-05-12 05:40:41','2017-05-12 05:40:41',0),(101,90,'a','aaa','2017-05-12 05:40:41','2017-05-12 05:40:41',0),(102,92,'x','aaa','2017-05-12 05:41:20','2017-05-12 05:41:20',1),(103,92,'x','aaa','2017-05-12 05:41:20','2017-05-12 05:41:20',0),(104,92,'x','aaa','2017-05-12 05:41:20','2017-05-12 05:41:20',0),(105,94,'d','aaa','2017-05-12 05:44:35','2017-05-12 05:44:35',1),(106,94,'d','aaa','2017-05-12 05:44:35','2017-05-12 05:44:35',0),(107,94,'d','aaa','2017-05-12 05:44:35','2017-05-12 05:44:35',0),(108,95,'بين العثمانيين والصفوين','aaa','2017-05-12 06:16:36','2017-05-12 06:16:36',1),(109,95,'يي','aaa','2017-05-12 06:16:36','2017-05-12 06:16:36',0),(110,95,'ي','aaa','2017-05-12 06:16:36','2017-05-12 06:16:36',0),(111,96,'ي','aaa','2017-05-12 06:20:32','2017-05-12 06:20:32',1),(112,96,'ي','aaa','2017-05-12 06:20:32','2017-05-12 06:20:32',0),(113,96,'س','aaa','2017-05-12 06:20:32','2017-05-12 06:20:32',0),(114,97,'ss','aaa','2017-05-12 07:36:16','2017-05-12 07:36:16',1),(115,97,'s','aaa','2017-05-12 07:36:16','2017-05-12 07:36:16',0),(116,97,'s','aaa','2017-05-12 07:36:16','2017-05-12 07:36:16',0),(117,98,'s','aaa','2017-05-12 07:37:30','2017-05-12 07:37:30',0),(118,98,'s','aaa','2017-05-12 07:37:30','2017-05-12 07:37:30',0),(119,109,'d','aaa','2017-05-12 07:47:41','2017-05-12 07:47:41',1),(120,109,'d','aaa','2017-05-12 07:47:41','2017-05-12 07:47:41',0),(121,109,'d','aaa','2017-05-12 07:47:41','2017-05-12 07:47:41',0),(122,111,'s','aaa','2017-05-12 07:50:48','2017-05-12 07:50:48',1),(123,111,'s','aaa','2017-05-12 07:50:48','2017-05-12 07:50:48',0),(124,111,'s','aaa','2017-05-12 07:50:48','2017-05-12 07:50:48',0),(125,120,'df','aaa','2017-05-12 08:11:59','2017-05-12 08:11:59',1),(126,120,'df','aaa','2017-05-12 08:11:59','2017-05-12 08:11:59',0),(127,120,'dfd','aaa','2017-05-12 08:11:59','2017-05-12 08:11:59',0),(128,122,'fd','aaa','2017-05-12 08:13:47','2017-05-12 08:13:47',0),(129,122,'fd','aaa','2017-05-12 08:13:47','2017-05-12 08:13:47',0),(130,122,'df','aaa','2017-05-12 08:13:47','2017-05-12 08:13:47',0),(131,123,'ad','aaa','2017-05-12 08:17:52','2017-05-12 08:17:52',1),(132,123,'asdf','aaa','2017-05-12 08:17:52','2017-05-12 08:17:52',0),(133,123,'adf','aaa','2017-05-12 08:17:52','2017-05-12 08:17:52',0),(134,124,'صح','aaa','2017-05-12 08:48:06','2017-05-12 08:48:06',1),(135,124,'خطأ','aaa','2017-05-12 08:48:06','2017-05-12 08:48:06',0),(136,124,'','aaa','2017-05-12 08:48:06','2017-05-12 08:48:06',0),(137,137,'صح','aaa','2017-05-12 12:17:41','2017-05-12 12:17:41',0),(138,138,'صح','aaa','2017-05-12 12:18:35','2017-05-12 12:18:35',0),(139,139,'صح','aaa','2017-05-12 12:18:57','2017-05-12 12:18:57',0),(140,139,'خطأ','aaa','2017-05-12 12:18:57','2017-05-12 12:18:57',0),(141,140,'صح','aaa','2017-05-12 12:20:04','2017-05-12 12:20:04',1),(142,140,'خطأ','aaa','2017-05-12 12:20:04','2017-05-12 12:20:04',0),(143,141,'صح','aaa','2017-05-12 16:22:16','2017-05-12 16:22:16',1),(144,141,'خطأ','aaa','2017-05-12 16:22:16','2017-05-12 16:22:16',0),(145,142,'صح','aaa','2017-05-12 16:23:18','2017-05-12 16:23:18',0),(146,142,'خطأ','aaa','2017-05-12 16:23:18','2017-05-12 16:23:18',0),(147,143,'aa','aaa','2017-05-12 16:40:11','2017-05-12 16:40:11',0),(148,143,'aa','aaa','2017-05-12 16:40:11','2017-05-12 16:40:11',0),(149,143,'aa','aaa','2017-05-12 16:40:11','2017-05-12 16:40:11',0),(150,144,'ww','aaa','2017-05-12 16:40:28','2017-05-12 16:40:28',0),(151,144,'ww','aaa','2017-05-12 16:40:28','2017-05-12 16:40:28',0),(152,144,'ww','aaa','2017-05-12 16:40:28','2017-05-12 16:40:28',0),(153,145,'z','aaa','2017-05-12 16:41:32','2017-05-12 16:41:32',0),(154,145,'zz','aaa','2017-05-12 16:41:32','2017-05-12 16:41:32',0),(155,145,'zzz','aaa','2017-05-12 16:41:32','2017-05-12 16:41:32',0),(156,146,'s','aaa','2017-05-12 16:47:04','2017-05-12 16:47:04',1),(157,146,'ss','aaa','2017-05-12 16:47:04','2017-05-12 16:47:04',0),(158,146,'sss','aaa','2017-05-12 16:47:04','2017-05-12 16:47:04',0),(159,147,'ww','aaa','2017-05-12 16:48:17','2017-05-12 16:48:17',0),(160,147,'www','aaa','2017-05-12 16:48:17','2017-05-12 16:48:17',1),(161,147,'wwww','aaa','2017-05-12 16:48:17','2017-05-12 16:48:17',0),(162,148,'qq','aaa','2017-05-12 16:52:09','2017-05-12 16:52:09',0),(163,148,'qq','aaa','2017-05-12 16:52:09','2017-05-12 16:52:09',0),(164,148,'qq','aaa','2017-05-12 16:52:09','2017-05-12 16:52:09',0),(165,149,'y','aaa','2017-05-12 16:53:50','2017-05-12 16:53:50',0),(166,149,'yy','aaa','2017-05-12 16:53:50','2017-05-12 16:53:50',1),(167,149,'yyy','aaa','2017-05-12 16:53:50','2017-05-12 16:53:50',0),(168,150,'e','aaa','2017-05-12 16:56:50','2017-05-12 16:56:50',0),(169,150,'ee','aaa','2017-05-12 16:56:50','2017-05-12 16:56:50',1),(170,150,'eee','aaa','2017-05-12 16:56:50','2017-05-12 16:56:50',0),(171,151,'صح','aaa','2017-05-12 16:58:38','2017-05-12 16:58:38',0),(172,151,'خطأ','aaa','2017-05-12 16:58:38','2017-05-12 16:58:38',0),(173,152,'صح','aaa','2017-05-12 17:00:08','2017-05-12 17:00:08',1),(174,152,'خطأ','aaa','2017-05-12 17:00:08','2017-05-12 17:00:08',0),(175,153,'صح','aaa','2017-05-12 17:01:12','2017-05-12 17:01:12',0),(176,153,'خطأ','aaa','2017-05-12 17:01:12','2017-05-12 17:01:12',1),(177,154,'صح','aaa','2017-05-12 17:01:57','2017-05-12 17:01:57',0),(178,154,'خطأ','aaa','2017-05-12 17:01:57','2017-05-12 17:01:57',0),(179,156,'ss','aaa','2017-05-12 17:48:09','2017-05-12 17:48:09',0),(180,156,'ss','aaa','2017-05-12 17:48:09','2017-05-12 17:48:09',1),(181,156,'ss','aaa','2017-05-12 17:48:09','2017-05-12 17:48:09',0),(182,157,'ss','aaa','2017-05-12 17:52:08','2017-05-12 17:52:08',0),(183,157,'ss','aaa','2017-05-12 17:52:08','2017-05-12 17:52:08',1),(184,157,'ss','aaa','2017-05-12 17:52:08','2017-05-12 17:52:08',0),(185,158,'ss','aaa','2017-05-12 17:53:40','2017-05-12 17:53:40',0),(186,158,'ss','aaa','2017-05-12 17:53:40','2017-05-12 17:53:40',1),(187,158,'ss','aaa','2017-05-12 17:53:40','2017-05-12 17:53:40',0),(188,159,'ss','aaa','2017-05-12 17:54:03','2017-05-12 17:54:03',0),(189,159,'ss','aaa','2017-05-12 17:54:03','2017-05-12 17:54:03',1),(190,159,'ss','aaa','2017-05-12 17:54:03','2017-05-12 17:54:03',0),(191,160,'read','aaa','2017-05-12 17:58:44','2017-05-12 17:58:44',0),(192,160,'discover','aaa','2017-05-12 17:58:44','2017-05-12 17:58:44',1),(193,160,'display','aaa','2017-05-12 17:58:44','2017-05-12 17:58:44',0),(194,161,'صح','aaa','2017-05-12 18:07:10','2017-05-12 18:07:10',1),(195,161,'خطأ','aaa','2017-05-12 18:07:10','2017-05-12 18:07:10',0),(196,161,'display','aaa','2017-05-12 18:07:10','2017-05-12 18:07:10',0),(197,162,'صح','aaa','2017-05-12 18:14:18','2017-05-12 18:14:18',1),(198,162,'خطأ','aaa','2017-05-12 18:14:18','2017-05-12 18:14:18',0),(199,162,'display','aaa','2017-05-12 18:14:18','2017-05-12 18:14:18',0),(200,163,'s','aaa','2017-05-12 18:15:42','2017-05-12 18:15:42',1),(201,163,'ss','aaa','2017-05-12 18:15:42','2017-05-12 18:15:42',0),(202,163,'ss','aaa','2017-05-12 18:15:42','2017-05-12 18:15:42',0),(203,164,'صح','aaa','2017-05-12 18:15:50','2017-05-12 18:15:50',1),(204,164,'خطأ','aaa','2017-05-12 18:15:50','2017-05-12 18:15:50',0),(205,164,'ss','aaa','2017-05-12 18:15:50','2017-05-12 18:15:50',0),(206,165,'صح','aaa','2017-05-12 18:18:43','2017-05-12 18:18:43',0),(207,165,'خطأ','aaa','2017-05-12 18:18:43','2017-05-12 18:18:43',1),(208,165,'ss','aaa','2017-05-12 18:18:43','2017-05-12 18:18:43',0),(209,166,'adf','aaa','2017-05-12 18:19:13','2017-05-12 18:19:13',1),(210,166,'asdf','aaa','2017-05-12 18:19:13','2017-05-12 18:19:13',0),(211,166,'asdfas','aaa','2017-05-12 18:19:13','2017-05-12 18:19:13',0),(212,167,'صح','aaa','2017-05-12 18:19:20','2017-05-12 18:19:20',0),(213,167,'خطأ','aaa','2017-05-12 18:19:20','2017-05-12 18:19:20',1),(214,168,'صح','aaa','2017-05-12 18:21:21','2017-05-12 18:21:21',0),(215,168,'خطأ','aaa','2017-05-12 18:21:21','2017-05-12 18:21:21',1);
/*!40000 ALTER TABLE `answers` ENABLE KEYS */;
UNLOCK TABLES;

--
-- Table structure for table `articles`
--

DROP TABLE IF EXISTS `articles`;
/*!40101 SET @saved_cs_client     = @@character_set_client */;
/*!40101 SET character_set_client = utf8 */;
CREATE TABLE `articles` (
  `id` int(10) unsigned NOT NULL AUTO_INCREMENT,
  `title` varchar(191) COLLATE utf8mb4_unicode_ci NOT NULL,
  `content` text COLLATE utf8mb4_unicode_ci NOT NULL,
  `imagePath` varchar(191) COLLATE utf8mb4_unicode_ci NOT NULL,
  `name` varchar(191) COLLATE utf8mb4_unicode_ci NOT NULL,
  `user_id` int(11) NOT NULL,
  `section_id` int(11) NOT NULL,
  `created_at` timestamp NULL DEFAULT NULL,
  `updated_at` timestamp NULL DEFAULT NULL,
  PRIMARY KEY (`id`)
) ENGINE=MyISAM AUTO_INCREMENT=56 DEFAULT CHARSET=utf8mb4 COLLATE=utf8mb4_unicode_ci;
/*!40101 SET character_set_client = @saved_cs_client */;

--
-- Dumping data for table `articles`
--

LOCK TABLES `articles` WRITE;
/*!40000 ALTER TABLE `articles` DISABLE KEYS */;
INSERT INTO `articles` VALUES (52,'3','<p><img src=\"/photos/8/adding_categories.png\" alt=\"\" width=\"2880\" height=\"1491\" /></p>','http://127.0.0.1:8000/photos//_95425773_038809175-1.jpg33','احمد الجبوري',1,1,'2017-05-27 11:43:26','2017-05-27 11:43:26'),(53,'4','<p><img src=\"/photos/8/Qr-1.png\" alt=\"\" width=\"220\" height=\"220\" /></p>','http://139.59.127.215/photos/1/وزارة التعليم العالي والبحث العلمي في العراق.jpg','احمد الجبوري',1,1,'2017-05-27 11:43:42','2017-05-27 11:43:42'),(54,'5','<p><img src=\"/photos/8/google_map_api_and_gelocation.jpg\" alt=\"\" width=\"2434\" height=\"1502\" /></p>','http://localhost:8000/photos/8/google_map_api_and_gelocation.jpg','احمد الجبوري',1,1,'2017-05-27 11:44:59','2017-05-27 11:44:59'),(55,'1-1','&lt;p&gt;&amp;nbsp;&lt;/p&gt;\r\n&lt;!--WE SHOULD ADD THIS LINE TO MAKE THE WYSIWING EDITOR WORK--&gt;\r\n&lt;p&gt;&lt;img style=&quot;display: block; margin-left: auto; margin-right: auto;&quot; src=&quot;/photos/8/google_map_api_and_gelocation.jpg&quot; alt=&quot;&quot; width=&quot;832&quot; height=&quot;514&quot; /&gt;&lt;/p&gt;\r\n&lt;p&gt;&amp;nbsp;&lt;/p&gt;\r\n&lt;p dir=&quot;RTL&quot;&gt;أفتى رئيس الاتحاد العالمي لعلماء الإسلام من أجل السلام، الشيخ الأزهري مصطفى راشد بأن الصيام فرض على الأغنياء فقط أما بالنسبة للفقراء فهو &quot;تطوع&quot;.&lt;/p&gt;\r\n&lt;p dir=&quot;RTL&quot;&gt;وقال لموقع &quot;الحرة&quot; إنه أجرى حسابات بالنسبة للمواطن المصري ووصل إلى نتيجة مفادها أن الصيام ليس فرضا على كل مصري يقل راتبه عن 500 دولار شهريا.&lt;/p&gt;\r\n&lt;p dir=&quot;RTL&quot;&gt;وشرح أن الفقير، بحسب الحديث النبوي، &quot;هو الذي لا يملك قوته وقوت أسرته لمدة شهر والذي لا يملك منزلا، والذي لا يملك دابة، وهي تعادل سيارة في وقتنا الحالي&quot;.&lt;/p&gt;\r\n&lt;p dir=&quot;RTL&quot;&gt;وبموجب هذا التعريف، أجرى راشد حساباته وتبين معه أن المصري الفقير هو من لا يمتلك دخلا شهريا ثابتا يعادل 750 دولارا، وقال لموقع &quot;الحرة&quot; إنه أخذ بالأحوط واعتبر أن الفقير هو من يجني أقل من 500 دولار.&lt;/p&gt;\r\n&lt;p dir=&quot;RTL&quot;&gt;ولكن هذا الحساب الذي سمّاه راشد &quot;نصاب الفقر&quot; يختلف بين دولة وأخرى بحسب أوضاعها الاقتصادية وتكلفة المعيشة فيها، وتبقى القاعدة هي تعريف النبي للفقير.&lt;/p&gt;\r\n&lt;p dir=&quot;RTL&quot;&gt;واعتبر راشد أن &quot;المقصود من الصيام هو إطعام الفقراء&quot;، متابعا أنه &quot;لو أطعم كل شخص مسكينا كل يوم فهذا أفضل من الصيام&quot;.&lt;/p&gt;\r\n&lt;p dir=&quot;RTL&quot;&gt;ولكنه أكد أن كلامه ليس دعوة للفقراء كي لا يصوموا، وكل قصده أن يوصل إلى الناس &quot;مقاصد الشرع&quot;.&lt;/p&gt;\r\n&lt;p dir=&quot;RTL&quot;&gt;&lt;strong&gt;أساس الفتوى&lt;/strong&gt;&lt;/p&gt;\r\n&lt;p dir=&quot;RTL&quot;&gt;وحول الأسانيد التي اعتمد عليها، يفسر في فتواه الآية 184 من سورة البقرة، والتي تنص على أن &quot;من كان منكم مريضا أو على سفر فعدة من أيام أخر وعلى الذين يطيقونه فدية طعام مسكين فمن تطوع خيرا فهو خير له وأن تصوموا خير لكم إن كنتم تعلمون&quot;.&lt;/p&gt;\r\n&lt;p dir=&quot;RTL&quot;&gt;ومن هذه الآية استنتج كما يستنتج كل الفقهاء أن المريض أو المسافر يحق له الإفطار على أن يصوم أياما أخرى أو يطعم مسكينا عن كل يوم أفطره.&lt;/p&gt;\r\n&lt;p dir=&quot;RTL&quot;&gt;اقرأ أيضا:&lt;/p&gt;\r\n&lt;p dir=&quot;RTL&quot;&gt;​&lt;a class=&quot;underline&quot; href=&quot;https://www.alhurra.com/a/shiites-sunnis/347914.html&quot; target=&quot;_blank&quot; rel=&quot;noopener noreferrer&quot;&gt;أربعة خلافات كبرى بين الشيعة والسنة&lt;/a&gt;&lt;/p&gt;\r\n&lt;p&gt;&lt;a class=&quot;underline&quot; href=&quot;https://www.alhurra.com/a/religion-sunnis-shiite/347311.html&quot; target=&quot;_blank&quot; rel=&quot;noopener noreferrer&quot;&gt;هذا ما قاله باحث إسلامي سعودي عن الشيعة&lt;/a&gt;&lt;/p&gt;\r\n&lt;p&gt;ولكنه أضاف أن &quot;الفقير صائم بالطبع طوال الوقت وإذا كان لا يطيق الصيام فكيف سيطعم مسكينا وهو لا يملك إطعام نفسه؟&quot;، مستنتجا أنه &quot;لا يعقل أن الله يطالب المسكين الذي لا يطيق الصيام بإطعام مسكين آخر&quot;.&lt;/p&gt;\r\n&lt;p dir=&quot;RTL&quot;&gt;وخلص إلى أن &quot;الصيام أساسه الاستطاعة والشعور بالفقير المحروم، فيسقط الصيام لغياب الاستطاعة والقدرة&quot; وبالتالي، فإن الفقراء &quot;غير مطالبين بالصيام&quot;.&lt;/p&gt;\r\n&lt;p dir=&quot;RTL&quot;&gt;&lt;strong&gt;تفاصيل أخرى&lt;/strong&gt;&lt;/p&gt;\r\n&lt;p dir=&quot;RTL&quot;&gt;وأجاز راشد أيضا الإفطار لمن &quot;يعملون في أعمال شاقة ويكون الصيام سببا في توقفهم عن نصف مدة العمل المعتاد يوميا أو يقلل من إنتاجهم بسبب عدم الطاقة والاستطاعة&quot;، مثل أعمال البناء والحدادة والنجارة والزراعة والمحاجر و&quot;أي عمل شاق&quot;.&lt;/p&gt;\r\n&lt;p dir=&quot;RTL&quot;&gt;كما أجاز الإفطار لمن يعمل في ظل درجة حرارة تبلغ 30 درجة مئوية فما فوق &quot;لأنه توجد خطورة على الكلى وعلى صحة الإنسان بامتناعه عن شرب المياه مدة اليوم كاملا وهو ما يتنافى مع قوله تعالى &amp;lsquo;وعلى الذين يطيقونه&amp;rsquo;، كما يتناقض مع القاعدة الشرعية لا ضر ولا ضرار&quot;.&lt;/p&gt;','http://139.59.127.215/photos/1/وزارة التعليم العالي والبحث العلمي في العراق.jpg','احمد الجبوري',1,1,'2017-05-27 13:17:45','2017-05-27 18:50:48'),(51,'2','<p>شسيبسشيبشسيب&nbsp;<img src=\"/photos/8/Qr-1.png\" alt=\"\" width=\"220\" height=\"220\" /></p>','http://127.0.0.1:8000/photos//_95425773_038809175-1.jpg33','احمد الجبوري',1,1,'2017-05-27 11:42:55','2017-05-27 11:42:55'),(50,'1','&lt;p&gt;&amp;nbsp;&lt;/p&gt;\r\n&lt;!--WE SHOULD ADD THIS LINE TO MAKE THE WYSIWING EDITOR WORK--&gt;\r\n&lt;p&gt;&amp;nbsp;==================================================&lt;/p&gt;\r\n&lt;!--WE SHOULD ADD THIS LINE TO MAKE THE WYSIWING EDITOR WORK--&gt;\r\n&lt;p&gt;&amp;nbsp;==============================================================================================================================================================================================================================================================================================================================================================&lt;/p&gt;\r\n&lt;!--WE SHOULD ADD THIS LINE TO MAKE THE WYSIWING EDITOR WORK--&gt;\r\n&lt;p&gt;&amp;nbsp;&lt;/p&gt;\r\n&lt;!--WE SHOULD ADD THIS LINE TO MAKE THE WYSIWING EDITOR WORK--&gt;\r\n&lt;p&gt;&amp;nbsp;&lt;/p&gt;\r\n&lt;!--WE SHOULD ADD THIS LINE TO MAKE THE WYSIWING EDITOR WORK--&gt;\r\n&lt;p&gt;هلو ان شالله&amp;nbsp;&lt;/p&gt;\r\n&lt;p&gt;&lt;img src=&quot;/photos/8/Qr-1.png&quot; alt=&quot;&quot; width=&quot;220&quot; height=&quot;220&quot; /&gt;&lt;/p&gt;\r\n&lt;p&gt;============================================================================================================================================================================================================================================================================================================================&lt;/p&gt;','http://139.59.127.215/photos/1/وزارة التعليم العالي والبحث العلمي في العراق.jpg','احمد الجبوري',1,1,'2017-05-27 11:29:18','2017-05-27 11:55:24');
/*!40000 ALTER TABLE `articles` ENABLE KEYS */;
UNLOCK TABLES;

--
-- Table structure for table `chapters`
--

DROP TABLE IF EXISTS `chapters`;
/*!40101 SET @saved_cs_client     = @@character_set_client */;
/*!40101 SET character_set_client = utf8 */;
CREATE TABLE `chapters` (
  `id` int(10) unsigned NOT NULL AUTO_INCREMENT,
  `book` varchar(191) COLLATE utf8mb4_unicode_ci NOT NULL,
  `chname` varchar(191) COLLATE utf8mb4_unicode_ci NOT NULL,
  `number` int(11) NOT NULL,
  `note` varchar(191) COLLATE utf8mb4_unicode_ci NOT NULL,
  `created_at` timestamp NULL DEFAULT NULL,
  `updated_at` timestamp NULL DEFAULT NULL,
  `class` varchar(191) COLLATE utf8mb4_unicode_ci NOT NULL,
  PRIMARY KEY (`id`)
) ENGINE=MyISAM AUTO_INCREMENT=11 DEFAULT CHARSET=utf8mb4 COLLATE=utf8mb4_unicode_ci;
/*!40101 SET character_set_client = @saved_cs_client */;

--
-- Dumping data for table `chapters`
--

LOCK TABLES `chapters` WRITE;
/*!40000 ALTER TABLE `chapters` DISABLE KEYS */;
INSERT INTO `chapters` VALUES (1,'history','الباب الاول/ الغزو العثماني للوطن العربي',1,'هذا يمثل رقم الجابتر',NULL,NULL,'1'),(10,'history','الباب الثالث/ غزو العراق من قبل الانكليز',4,'هذا الفصل الرابع في الباب الثالث',NULL,NULL,'3'),(9,'geo','الباب الاول/ المناخ الطبيعي',1,'',NULL,NULL,'1'),(8,'history','الباب الأول/ الغزو البرتغالي للمغرب العربي',3,'',NULL,NULL,'3'),(6,'history','الباب الأول/ الغزو الصفوي للعراق',2,'',NULL,NULL,'3');
/*!40000 ALTER TABLE `chapters` ENABLE KEYS */;
UNLOCK TABLES;

--
-- Table structure for table `exam_takers`
--

DROP TABLE IF EXISTS `exam_takers`;
/*!40101 SET @saved_cs_client     = @@character_set_client */;
/*!40101 SET character_set_client = utf8 */;
CREATE TABLE `exam_takers` (
  `id` int(10) unsigned NOT NULL AUTO_INCREMENT,
  `score` int(11) NOT NULL,
  `total` int(11) NOT NULL,
  `stage` int(11) DEFAULT '1',
  `book` varchar(191) COLLATE utf8mb4_unicode_ci DEFAULT 'التاريخ',
  `chapter` varchar(191) COLLATE utf8mb4_unicode_ci DEFAULT '1',
  `exam_id` int(11) DEFAULT '1',
  `imagePath` varchar(191) COLLATE utf8mb4_unicode_ci DEFAULT NULL,
  `name` varchar(191) COLLATE utf8mb4_unicode_ci DEFAULT 'المتسابق',
  `userId` int(11) DEFAULT '1',
  `created_at` timestamp NULL DEFAULT NULL,
  `updated_at` timestamp NULL DEFAULT NULL,
  `counter` int(11) NOT NULL,
  PRIMARY KEY (`id`)
) ENGINE=MyISAM AUTO_INCREMENT=508 DEFAULT CHARSET=utf8mb4 COLLATE=utf8mb4_unicode_ci;
/*!40101 SET character_set_client = @saved_cs_client */;

--
-- Dumping data for table `exam_takers`
--

LOCK TABLES `exam_takers` WRITE;
/*!40000 ALTER TABLE `exam_takers` DISABLE KEYS */;
INSERT INTO `exam_takers` VALUES (506,0,1,1,'التاريخ','1',1,NULL,'المتسابق',1,'2017-05-16 20:29:54','2017-05-16 20:29:54',0),(507,0,1,1,'التاريخ','1',1,NULL,'المتسابق',1,'2017-05-21 19:39:36','2017-05-21 19:39:36',0),(505,0,1,1,'التاريخ','1',1,NULL,'المتسابق',1,'2017-05-16 20:29:27','2017-05-16 20:29:27',0),(503,0,1,1,'التاريخ','1',1,NULL,'المتسابق',1,'2017-05-13 08:13:01','2017-05-13 08:13:01',0),(504,0,1,1,'التاريخ','1',1,NULL,'المتسابق',1,'2017-05-13 10:52:01','2017-05-13 10:52:01',0),(501,0,3,1,'التاريخ','1',1,NULL,'المتسابق',1,'2017-05-12 18:31:45','2017-05-12 18:32:22',2),(502,0,1,1,'التاريخ','1',1,NULL,'المتسابق',1,'2017-05-13 06:21:56','2017-05-13 06:21:56',0),(500,0,1,1,'التاريخ','1',1,NULL,'المتسابق',1,'2017-05-12 18:31:28','2017-05-12 18:31:28',0),(498,0,1,1,'التاريخ','1',1,NULL,'المتسابق',1,'2017-05-12 18:29:58','2017-05-12 18:29:58',0),(499,0,3,1,'التاريخ','1',1,NULL,'المتسابق',1,'2017-05-12 18:30:37','2017-05-12 18:31:06',2),(497,0,1,1,'التاريخ','1',1,NULL,'المتسابق',1,'2017-05-12 18:29:42','2017-05-12 18:29:42',0),(496,0,1,1,'التاريخ','1',1,NULL,'المتسابق',1,'2017-05-12 18:29:04','2017-05-12 18:29:04',0),(494,0,1,1,'التاريخ','1',1,NULL,'المتسابق',1,'2017-05-12 18:27:39','2017-05-12 18:27:39',0),(495,0,1,1,'التاريخ','1',1,NULL,'المتسابق',1,'2017-05-12 18:28:19','2017-05-12 18:28:19',0),(493,0,1,1,'التاريخ','1',1,NULL,'المتسابق',1,'2017-05-12 18:27:16','2017-05-12 18:27:16',0),(492,0,1,1,'التاريخ','1',1,NULL,'المتسابق',1,'2017-05-12 18:26:17','2017-05-12 18:26:17',0),(491,0,1,1,'التاريخ','1',1,NULL,'المتسابق',1,'2017-05-12 18:25:19','2017-05-12 18:25:19',0),(490,0,1,1,'التاريخ','1',1,NULL,'المتسابق',1,'2017-05-12 18:24:26','2017-05-12 18:24:26',0),(488,0,1,1,'التاريخ','1',1,NULL,'المتسابق',1,'2017-05-12 18:21:50','2017-05-12 18:21:50',0),(489,0,1,1,'التاريخ','1',1,NULL,'المتسابق',1,'2017-05-12 18:24:04','2017-05-12 18:24:04',0),(487,0,1,1,'التاريخ','1',1,NULL,'المتسابق',1,'2017-05-12 18:08:12','2017-05-12 18:08:12',0),(486,0,1,1,'التاريخ','1',1,NULL,'المتسابق',1,'2017-05-12 18:07:41','2017-05-12 18:07:41',0),(485,1,4,1,'التاريخ','1',1,NULL,'المتسابق',1,'2017-05-12 18:03:58','2017-05-12 18:04:54',3),(484,3,4,1,'التاريخ','1',1,NULL,'المتسابق',1,'2017-05-12 18:02:17','2017-05-12 18:03:03',3),(483,3,4,1,'التاريخ','1',1,NULL,'المتسابق',1,'2017-05-12 17:58:56','2017-05-12 18:00:16',3),(482,1,3,1,'التاريخ','1',1,NULL,'المتسابق',1,'2017-05-12 17:54:39','2017-05-12 17:55:09',2),(481,0,1,1,'التاريخ','1',1,NULL,'المتسابق',1,'2017-05-12 17:52:19','2017-05-12 17:52:19',0),(480,1,1,1,'التاريخ','1',1,NULL,'المتسابق',1,'2017-05-12 17:50:54','2017-05-12 17:51:35',0),(479,0,2,1,'التاريخ','1',1,NULL,'المتسابق',1,'2017-05-12 16:57:52','2017-05-12 16:58:14',1),(478,1,2,1,'التاريخ','1',1,NULL,'المتسابق',1,'2017-05-12 16:57:00','2017-05-12 16:57:06',1),(477,0,1,1,'التاريخ','1',1,NULL,'المتسابق',1,'2017-05-12 16:56:21','2017-05-12 16:56:21',0),(476,0,1,1,'التاريخ','1',1,NULL,'المتسابق',1,'2017-05-12 16:55:12','2017-05-12 16:55:12',0),(475,1,2,1,'التاريخ','1',1,NULL,'المتسابق',1,'2017-05-12 16:51:12','2017-05-12 16:51:20',1),(474,2,2,1,'التاريخ','1',1,NULL,'المتسابق',1,'2017-05-12 16:50:46','2017-05-12 16:51:02',1),(473,0,2,1,'التاريخ','1',1,NULL,'المتسابق',1,'2017-05-12 16:49:29','2017-05-12 16:49:29',0),(472,0,2,1,'التاريخ','1',1,NULL,'المتسابق',1,'2017-05-12 16:49:00','2017-05-12 16:49:00',0),(471,0,2,1,'التاريخ','1',1,NULL,'المتسابق',1,'2017-05-12 16:48:33','2017-05-12 16:48:39',1),(470,0,1,1,'التاريخ','1',1,NULL,'المتسابق',1,'2017-05-12 16:47:26','2017-05-12 16:47:26',0),(468,0,1,1,'التاريخ','1',1,NULL,'المتسابق',1,'2017-05-12 16:43:05','2017-05-12 16:43:05',0),(469,0,1,1,'التاريخ','1',1,NULL,'المتسابق',1,'2017-05-12 16:44:23','2017-05-12 16:44:23',0),(467,0,1,1,'التاريخ','1',1,NULL,'المتسابق',1,'2017-05-12 16:41:59','2017-05-12 16:41:59',0),(465,0,1,1,'التاريخ','1',1,NULL,'المتسابق',1,'2017-05-12 16:35:58','2017-05-12 16:35:58',0),(466,0,1,1,'التاريخ','1',1,NULL,'المتسابق',1,'2017-05-12 16:40:37','2017-05-12 16:40:37',0),(463,1,3,1,'التاريخ','1',1,NULL,'المتسابق',1,'2017-05-12 16:34:50','2017-05-12 16:35:38',2),(464,0,1,1,'التاريخ','1',1,NULL,'المتسابق',1,'2017-05-12 16:35:44','2017-05-12 16:35:44',0),(462,0,1,1,'التاريخ','1',1,NULL,'المتسابق',1,'2017-05-12 16:32:11','2017-05-12 16:32:11',0),(461,0,1,1,'التاريخ','1',1,NULL,'المتسابق',1,'2017-05-12 16:24:47','2017-05-12 16:24:47',0),(460,0,1,1,'التاريخ','1',1,NULL,'المتسابق',1,'2017-05-12 16:09:40','2017-05-12 16:09:40',0),(459,0,1,1,'التاريخ','1',1,NULL,'المتسابق',1,'2017-05-12 16:09:01','2017-05-12 16:09:01',0),(458,0,1,1,'التاريخ','1',1,NULL,'المتسابق',1,'2017-05-12 16:06:10','2017-05-12 16:06:10',0),(456,0,1,1,'التاريخ','1',1,NULL,'المتسابق',1,'2017-05-12 15:57:15','2017-05-12 15:57:15',0),(457,0,1,1,'التاريخ','1',1,NULL,'المتسابق',1,'2017-05-12 16:04:21','2017-05-12 16:04:21',0),(455,0,1,1,'التاريخ','1',1,NULL,'المتسابق',1,'2017-05-12 15:54:33','2017-05-12 15:54:33',0),(453,1,1,1,'التاريخ','1',1,NULL,'المتسابق',1,'2017-05-12 15:41:46','2017-05-12 15:41:52',0),(454,0,1,1,'التاريخ','1',1,NULL,'المتسابق',1,'2017-05-12 15:52:31','2017-05-12 15:52:31',0),(452,0,1,1,'التاريخ','1',1,NULL,'المتسابق',1,'2017-05-12 13:50:31','2017-05-12 13:50:31',0),(450,0,3,1,'التاريخ','1',1,NULL,'المتسابق',1,'2017-05-12 13:46:58','2017-05-12 13:46:58',0),(451,0,2,1,'التاريخ','1',1,NULL,'المتسابق',1,'2017-05-12 13:47:08','2017-05-12 13:47:08',0),(449,0,0,1,'التاريخ','1',1,NULL,'المتسابق',1,'2017-05-12 12:51:17','2017-05-12 12:51:17',0),(448,0,0,1,'التاريخ','1',1,NULL,'المتسابق',1,'2017-05-12 12:49:03','2017-05-12 12:49:03',0),(447,0,0,1,'التاريخ','1',1,NULL,'المتسابق',1,'2017-05-12 12:23:12','2017-05-12 12:23:12',0),(446,2,2,1,'التاريخ','1',1,NULL,'المتسابق',1,'2017-05-12 12:21:34','2017-05-12 12:21:55',1),(445,1,1,1,'التاريخ','1',1,NULL,'المتسابق',1,'2017-05-12 12:20:49','2017-05-12 12:20:56',0),(443,0,0,1,'التاريخ','1',1,NULL,'المتسابق',1,'2017-05-12 12:07:09','2017-05-12 12:07:09',0),(444,1,2,1,'التاريخ','1',1,NULL,'المتسابق',1,'2017-05-12 12:07:49','2017-05-12 12:07:56',1),(442,0,1,1,'التاريخ','1',1,NULL,'المتسابق',1,'2017-05-12 06:50:19','2017-05-12 06:50:19',0),(440,0,0,1,'التاريخ','1',1,NULL,'المتسابق',1,'2017-05-12 06:49:19','2017-05-12 06:49:19',0),(441,0,0,1,'التاريخ','1',1,NULL,'المتسابق',1,'2017-05-12 06:49:44','2017-05-12 06:49:44',0),(439,0,1,1,'التاريخ','1',1,NULL,'المتسابق',1,'2017-05-12 06:48:37','2017-05-12 06:48:37',0),(438,0,3,1,'التاريخ','1',1,NULL,'المتسابق',1,'2017-05-12 06:48:25','2017-05-12 06:48:25',0),(436,0,1,1,'التاريخ','1',1,NULL,'المتسابق',1,'2017-05-12 06:33:48','2017-05-12 06:33:48',0),(437,0,0,1,'التاريخ','1',1,NULL,'المتسابق',1,'2017-05-12 06:46:49','2017-05-12 06:46:49',0),(435,0,0,1,'التاريخ','1',1,NULL,'المتسابق',1,'2017-05-12 06:30:30','2017-05-12 06:30:30',0),(433,0,1,1,'التاريخ','1',1,NULL,'المتسابق',1,'2017-05-12 06:28:52','2017-05-12 06:28:52',0),(434,0,1,1,'التاريخ','1',1,NULL,'المتسابق',1,'2017-05-12 06:29:24','2017-05-12 06:29:24',0),(432,0,1,1,'التاريخ','1',1,NULL,'المتسابق',1,'2017-05-12 06:28:37','2017-05-12 06:28:37',0),(431,0,1,1,'التاريخ','1',1,NULL,'المتسابق',1,'2017-05-12 06:28:21','2017-05-12 06:28:21',0),(429,0,0,1,'التاريخ','1',1,NULL,'المتسابق',1,'2017-05-12 06:26:52','2017-05-12 06:26:52',0),(430,0,0,1,'التاريخ','1',1,NULL,'المتسابق',1,'2017-05-12 06:28:03','2017-05-12 06:28:03',0),(428,0,0,1,'التاريخ','1',1,NULL,'المتسابق',1,'2017-05-12 06:25:39','2017-05-12 06:25:39',0),(427,0,0,1,'التاريخ','1',1,NULL,'المتسابق',1,'2017-05-12 06:23:48','2017-05-12 06:23:48',0),(426,0,1,1,'التاريخ','1',1,NULL,'المتسابق',1,'2017-05-12 06:21:03','2017-05-12 06:21:03',0),(425,0,1,1,'التاريخ','1',1,NULL,'المتسابق',1,'2017-05-12 06:09:11','2017-05-12 06:09:11',0),(424,0,1,1,'التاريخ','1',1,NULL,'المتسابق',1,'2017-05-12 06:03:13','2017-05-12 06:03:13',0),(423,2,2,1,'التاريخ','1',1,NULL,'المتسابق',1,'2017-05-12 05:58:46','2017-05-12 05:58:57',1),(422,0,2,1,'التاريخ','1',1,NULL,'المتسابق',1,'2017-05-12 05:57:00','2017-05-12 05:57:07',1),(420,0,5,1,'التاريخ','1',1,NULL,'المتسابق',1,'2017-04-30 10:09:59','2017-04-30 10:09:59',0),(421,0,9,1,'التاريخ','1',1,NULL,'المتسابق',1,'2017-05-11 20:51:19','2017-05-11 20:51:27',1),(418,2,5,1,'التاريخ','1',1,NULL,'المتسابق',1,'2017-04-29 10:22:46','2017-04-29 10:25:34',4),(419,2,5,1,'التاريخ','1',1,NULL,'المتسابق',1,'2017-04-29 10:25:44','2017-04-29 10:25:51',2),(416,1,5,1,'التاريخ','1',1,NULL,'المتسابق',1,'2017-04-29 10:14:58','2017-04-29 10:19:56',4),(417,1,5,1,'التاريخ','1',1,NULL,'المتسابق',1,'2017-04-29 10:20:18','2017-04-29 10:22:42',4),(415,1,5,1,'التاريخ','1',1,NULL,'المتسابق',1,'2017-04-29 10:11:58','2017-04-29 10:14:53',4),(414,4,5,1,'التاريخ','1',1,NULL,'المتسابق',1,'2017-04-24 19:12:45','2017-04-24 19:13:07',4),(413,1,5,1,'التاريخ','1',1,NULL,'المتسابق',1,'2017-04-24 12:11:25','2017-04-24 12:11:31',1),(412,0,5,1,'التاريخ','1',1,NULL,'المتسابق',1,'2017-04-24 12:09:53','2017-04-24 12:09:58',1),(411,0,5,1,'التاريخ','1',1,NULL,'المتسابق',1,'2017-04-24 12:08:24','2017-04-24 12:08:24',0),(410,0,5,1,'التاريخ','1',1,NULL,'المتسابق',1,'2017-04-24 12:04:04','2017-04-24 12:04:04',0),(409,0,5,1,'التاريخ','1',1,NULL,'المتسابق',1,'2017-04-24 12:03:38','2017-04-24 12:03:59',1),(408,1,5,1,'التاريخ','1',1,NULL,'المتسابق',1,'2017-04-24 12:02:07','2017-04-24 12:02:26',2),(407,1,5,1,'التاريخ','1',1,NULL,'المتسابق',1,'2017-04-24 12:00:58','2017-04-24 12:01:34',4),(406,1,5,1,'التاريخ','1',1,NULL,'المتسابق',1,'2017-04-24 11:47:21','2017-04-24 12:00:52',2),(405,0,4,1,'التاريخ','1',1,NULL,'المتسابق',1,'2017-04-24 08:40:17','2017-04-24 08:40:33',3),(404,1,4,1,'التاريخ','1',1,NULL,'المتسابق',1,'2017-04-24 08:33:46','2017-04-24 08:34:04',3),(402,3,4,1,'التاريخ','1',1,NULL,'المتسابق',1,'2017-04-24 06:57:15','2017-04-24 06:57:34',3),(403,4,4,1,'التاريخ','1',1,NULL,'المتسابق',1,'2017-04-24 06:58:57','2017-04-24 06:59:27',3),(401,3,4,1,'التاريخ','1',1,NULL,'المتسابق',1,'2017-04-24 06:14:59','2017-04-24 06:15:24',3);
/*!40000 ALTER TABLE `exam_takers` ENABLE KEYS */;
UNLOCK TABLES;

--
-- Table structure for table `exams`
--

DROP TABLE IF EXISTS `exams`;
/*!40101 SET @saved_cs_client     = @@character_set_client */;
/*!40101 SET character_set_client = utf8 */;
CREATE TABLE `exams` (
  `id` int(10) unsigned NOT NULL AUTO_INCREMENT,
  `user_id` int(11) NOT NULL,
  `question_id` int(11) NOT NULL,
  `answer_id` int(11) NOT NULL,
  `created_at` timestamp NULL DEFAULT NULL,
  `updated_at` timestamp NULL DEFAULT NULL,
  PRIMARY KEY (`id`)
) ENGINE=MyISAM AUTO_INCREMENT=385 DEFAULT CHARSET=utf8mb4 COLLATE=utf8mb4_unicode_ci;
/*!40101 SET character_set_client = @saved_cs_client */;

--
-- Dumping data for table `exams`
--

LOCK TABLES `exams` WRITE;
/*!40000 ALTER TABLE `exams` DISABLE KEYS */;
INSERT INTO `exams` VALUES (40,1,2,5,'2017-04-20 18:17:27','2017-04-20 18:17:27'),(39,1,1,2,'2017-04-20 18:17:16','2017-04-20 18:17:16'),(38,1,1,2,'2017-04-20 18:16:59','2017-04-20 18:16:59'),(37,1,2,6,'2017-04-20 18:16:04','2017-04-20 18:16:04'),(36,1,2,6,'2017-04-20 18:15:47','2017-04-20 18:15:47'),(35,1,2,6,'2017-04-20 18:15:30','2017-04-20 18:15:30'),(34,1,1,2,'2017-04-20 18:14:45','2017-04-20 18:14:45'),(33,1,1,2,'2017-04-20 18:14:16','2017-04-20 18:14:16'),(32,1,1,2,'2017-04-20 18:13:35','2017-04-20 18:13:35'),(31,1,1,2,'2017-04-20 18:13:05','2017-04-20 18:13:05'),(30,1,2,6,'2017-04-20 18:11:04','2017-04-20 18:11:04'),(29,1,2,6,'2017-04-20 18:10:20','2017-04-20 18:10:20'),(28,1,2,6,'2017-04-20 18:09:38','2017-04-20 18:09:38'),(27,1,2,6,'2017-04-20 18:08:41','2017-04-20 18:08:41'),(26,1,2,6,'2017-04-20 18:07:48','2017-04-20 18:07:48'),(25,1,1,2,'2017-04-20 18:07:38','2017-04-20 18:07:38'),(24,1,2,6,'2017-04-20 17:59:42','2017-04-20 17:59:42'),(23,1,1,2,'2017-04-20 17:59:32','2017-04-20 17:59:32'),(22,1,2,6,'2017-04-20 17:55:51','2017-04-20 17:55:51'),(21,1,1,2,'2017-04-20 17:55:42','2017-04-20 17:55:42'),(41,1,2,5,'2017-04-20 18:17:52','2017-04-20 18:17:52'),(42,1,2,5,'2017-04-20 18:18:05','2017-04-20 18:18:05'),(43,1,2,5,'2017-04-20 18:18:23','2017-04-20 18:18:23'),(44,1,2,5,'2017-04-20 18:19:29','2017-04-20 18:19:29'),(45,1,2,5,'2017-04-20 18:19:44','2017-04-20 18:19:44'),(46,1,2,6,'2017-04-20 18:20:16','2017-04-20 18:20:16'),(47,1,1,2,'2017-04-20 18:20:21','2017-04-20 18:20:21'),(48,1,1,1,'2017-04-20 19:22:09','2017-04-20 19:22:09'),(49,1,2,1,'2017-04-20 19:22:29','2017-04-20 19:22:29'),(50,1,2,1,'2017-04-20 19:23:58','2017-04-20 19:23:58'),(51,1,1,1,'2017-04-20 19:24:18','2017-04-20 19:24:18'),(52,1,1,2,'2017-04-20 19:26:26','2017-04-20 19:26:26'),(53,1,2,1,'2017-04-20 19:26:47','2017-04-20 19:26:47'),(54,1,2,1,'2017-04-20 19:27:45','2017-04-20 19:27:45'),(55,1,1,1,'2017-04-20 19:28:07','2017-04-20 19:28:07'),(56,1,1,1,'2017-04-20 20:28:08','2017-04-20 20:28:08'),(57,1,2,1,'2017-04-20 20:28:30','2017-04-20 20:28:30'),(58,1,1,2,'2017-04-21 19:01:17','2017-04-21 19:01:17'),(59,1,2,6,'2017-04-21 19:03:15','2017-04-21 19:03:15'),(60,1,1,2,'2017-04-21 19:03:20','2017-04-21 19:03:20'),(61,1,2,6,'2017-04-21 19:13:58','2017-04-21 19:13:58'),(62,1,1,2,'2017-04-21 19:15:34','2017-04-21 19:15:34'),(63,1,39,25,'2017-04-21 19:15:42','2017-04-21 19:15:42'),(64,1,2,6,'2017-04-21 19:15:46','2017-04-21 19:15:46'),(65,1,2,6,'2017-04-21 19:21:18','2017-04-21 19:21:18'),(66,1,39,25,'2017-04-21 19:21:23','2017-04-21 19:21:23'),(67,1,1,2,'2017-04-21 19:21:27','2017-04-21 19:21:27'),(68,1,40,1,'2017-04-21 19:28:59','2017-04-21 19:28:59'),(69,1,2,2,'2017-04-21 20:30:22','2017-04-21 20:30:22'),(70,1,39,1,'2017-04-21 20:30:32','2017-04-21 20:30:32'),(71,1,40,1,'2017-04-21 20:30:37','2017-04-21 20:30:37'),(72,1,1,1,'2017-04-21 20:31:42','2017-04-21 20:31:42'),(73,1,40,1,'2017-04-21 20:33:11','2017-04-21 20:33:11'),(74,1,45,44,'2017-04-21 20:56:28','2017-04-21 20:56:28'),(75,1,46,45,'2017-04-21 20:56:34','2017-04-21 20:56:34'),(76,1,46,46,'2017-04-21 20:56:44','2017-04-21 20:56:44'),(77,1,45,44,'2017-04-21 20:56:57','2017-04-21 20:56:57'),(78,1,46,45,'2017-04-21 20:58:21','2017-04-21 20:58:21'),(79,1,45,44,'2017-04-21 20:58:29','2017-04-21 20:58:29'),(80,1,47,49,'2017-04-21 20:58:40','2017-04-21 20:58:40'),(81,1,47,1,'2017-04-21 20:59:32','2017-04-21 20:59:32'),(82,1,45,1,'2017-04-21 20:59:53','2017-04-21 20:59:53'),(83,1,46,46,'2017-04-21 21:00:01','2017-04-21 21:00:01'),(84,1,46,46,'2017-04-22 12:27:26','2017-04-22 12:27:26'),(85,1,45,44,'2017-04-22 12:27:37','2017-04-22 12:27:37'),(86,1,47,49,'2017-04-22 12:27:53','2017-04-22 12:27:53'),(87,1,46,46,'2017-04-22 12:32:12','2017-04-22 12:32:12'),(88,1,45,43,'2017-04-22 12:32:18','2017-04-22 12:32:18'),(89,1,47,49,'2017-04-22 12:32:23','2017-04-22 12:32:23'),(90,1,48,53,'2017-04-22 12:32:38','2017-04-22 12:32:38'),(91,1,47,50,'2017-04-23 18:24:00','2017-04-23 18:24:00'),(92,1,46,46,'2017-04-23 18:24:06','2017-04-23 18:24:06'),(93,1,45,43,'2017-04-23 18:24:11','2017-04-23 18:24:11'),(94,1,48,53,'2017-04-23 18:24:25','2017-04-23 18:24:25'),(95,1,47,50,'2017-04-23 18:32:46','2017-04-23 18:32:46'),(96,1,48,52,'2017-04-23 18:32:52','2017-04-23 18:32:52'),(97,1,46,45,'2017-04-23 18:33:03','2017-04-23 18:33:03'),(98,1,48,53,'2017-04-23 18:42:00','2017-04-23 18:42:00'),(99,1,47,50,'2017-04-23 18:44:39','2017-04-23 18:44:39'),(100,1,48,53,'2017-04-23 18:47:55','2017-04-23 18:47:55'),(101,1,46,46,'2017-04-23 18:48:23','2017-04-23 18:48:23'),(102,1,45,42,'2017-04-23 18:48:49','2017-04-23 18:48:49'),(103,1,48,53,'2017-04-23 18:55:53','2017-04-23 18:55:53'),(104,1,46,45,'2017-04-23 18:56:01','2017-04-23 18:56:01'),(105,1,48,53,'2017-04-23 19:06:31','2017-04-23 19:06:31'),(106,1,47,50,'2017-04-23 19:07:45','2017-04-23 19:07:45'),(107,1,45,43,'2017-04-23 19:08:09','2017-04-23 19:08:09'),(108,1,46,46,'2017-04-23 19:10:08','2017-04-23 19:10:08'),(109,1,45,44,'2017-04-23 19:10:18','2017-04-23 19:10:18'),(110,1,46,46,'2017-04-23 19:13:58','2017-04-23 19:13:58'),(111,1,47,48,'2017-04-23 19:14:11','2017-04-23 19:14:11'),(112,1,48,53,'2017-04-23 19:15:15','2017-04-23 19:15:15'),(113,1,45,1,'2017-04-23 19:15:30','2017-04-23 19:15:30'),(114,1,47,1,'2017-04-23 19:15:56','2017-04-23 19:15:56'),(115,1,46,1,'2017-04-23 19:16:17','2017-04-23 19:16:17'),(116,1,48,1,'2017-04-23 19:16:39','2017-04-23 19:16:39'),(117,1,45,1,'2017-04-23 19:17:00','2017-04-23 19:17:00'),(118,1,47,1,'2017-04-23 19:25:47','2017-04-23 19:25:47'),(119,1,47,50,'2017-04-23 19:26:00','2017-04-23 19:26:00'),(120,1,46,1,'2017-04-23 19:26:22','2017-04-23 19:26:22'),(121,1,48,1,'2017-04-23 19:26:43','2017-04-23 19:26:43'),(122,1,45,1,'2017-04-23 19:27:05','2017-04-23 19:27:05'),(123,1,48,1,'2017-04-23 19:28:00','2017-04-23 19:28:00'),(124,1,47,1,'2017-04-23 19:28:21','2017-04-23 19:28:21'),(125,1,45,1,'2017-04-23 19:28:43','2017-04-23 19:28:43'),(126,1,45,1,'2017-04-23 19:31:44','2017-04-23 19:31:44'),(127,1,46,1,'2017-04-23 19:32:05','2017-04-23 19:32:05'),(128,1,47,1,'2017-04-23 19:32:26','2017-04-23 19:32:26'),(129,1,48,1,'2017-04-23 19:33:04','2017-04-23 19:33:04'),(130,1,45,1,'2017-04-23 19:34:13','2017-04-23 19:34:13'),(131,1,48,1,'2017-04-23 19:34:35','2017-04-23 19:34:35'),(132,1,46,1,'2017-04-23 19:53:57','2017-04-23 19:53:57'),(133,1,47,1,'2017-04-23 19:54:19','2017-04-23 19:54:19'),(134,1,45,44,'2017-04-23 19:55:16','2017-04-23 19:55:16'),(135,1,45,43,'2017-04-23 19:58:36','2017-04-23 19:58:36'),(136,1,47,49,'2017-04-23 19:58:49','2017-04-23 19:58:49'),(137,1,46,46,'2017-04-23 19:58:56','2017-04-23 19:58:56'),(138,1,48,1,'2017-04-23 19:59:17','2017-04-23 19:59:17'),(139,1,48,1,'2017-04-23 20:02:30','2017-04-23 20:02:30'),(140,1,46,1,'2017-04-23 20:02:51','2017-04-23 20:02:51'),(141,1,47,1,'2017-04-23 20:03:52','2017-04-23 20:03:52'),(142,1,45,44,'2017-04-23 20:05:55','2017-04-23 20:05:55'),(143,1,47,50,'2017-04-23 20:06:09','2017-04-23 20:06:09'),(144,1,46,45,'2017-04-23 20:06:12','2017-04-23 20:06:12'),(145,1,48,53,'2017-04-23 20:06:16','2017-04-23 20:06:16'),(146,1,47,50,'2017-04-23 20:08:11','2017-04-23 20:08:11'),(147,1,45,44,'2017-04-23 20:10:19','2017-04-23 20:10:19'),(148,1,47,1,'2017-04-23 20:10:40','2017-04-23 20:10:40'),(149,1,48,1,'2017-04-23 20:11:01','2017-04-23 20:11:01'),(150,1,46,1,'2017-04-23 20:11:23','2017-04-23 20:11:23'),(151,1,46,1,'2017-04-23 20:12:14','2017-04-23 20:12:14'),(152,1,48,1,'2017-04-23 20:12:39','2017-04-23 20:12:39'),(153,1,45,1,'2017-04-23 20:13:01','2017-04-23 20:13:01'),(154,1,46,45,'2017-04-23 20:13:16','2017-04-23 20:13:16'),(155,1,48,1,'2017-04-23 20:16:05','2017-04-23 20:16:05'),(156,1,45,1,'2017-04-23 20:17:31','2017-04-23 20:17:31'),(157,1,48,52,'2017-04-23 20:17:38','2017-04-23 20:17:38'),(158,1,46,46,'2017-04-23 20:17:58','2017-04-23 20:17:58'),(159,1,47,1,'2017-04-23 20:18:19','2017-04-23 20:18:19'),(160,1,45,1,'2017-04-23 20:19:42','2017-04-23 20:19:42'),(161,1,45,1,'2017-04-23 20:20:52','2017-04-23 20:20:52'),(162,1,47,48,'2017-04-23 20:20:59','2017-04-23 20:20:59'),(163,1,48,52,'2017-04-23 20:22:57','2017-04-23 20:22:57'),(164,1,45,1,'2017-04-23 20:25:16','2017-04-23 20:25:16'),(165,1,46,1,'2017-04-23 20:25:38','2017-04-23 20:25:38'),(166,1,48,52,'2017-04-23 20:25:44','2017-04-23 20:25:44'),(167,1,47,48,'2017-04-23 20:27:02','2017-04-23 20:27:02'),(168,1,48,1,'2017-04-23 20:31:42','2017-04-23 20:31:42'),(169,1,45,44,'2017-04-23 20:32:03','2017-04-23 20:32:03'),(170,1,48,52,'2017-04-23 20:33:57','2017-04-23 20:33:57'),(171,1,47,49,'2017-04-23 20:34:52','2017-04-23 20:34:52'),(172,1,46,47,'2017-04-23 20:37:19','2017-04-23 20:37:19'),(173,1,45,44,'2017-04-23 20:37:24','2017-04-23 20:37:24'),(174,1,47,1,'2017-04-23 20:37:45','2017-04-23 20:37:45'),(175,1,46,45,'2017-04-23 20:40:59','2017-04-23 20:40:59'),(176,1,45,44,'2017-04-23 20:41:09','2017-04-23 20:41:09'),(177,1,48,53,'2017-04-23 20:41:13','2017-04-23 20:41:13'),(178,1,46,46,'2017-04-24 05:33:52','2017-04-24 05:33:52'),(179,1,48,53,'2017-04-24 05:34:09','2017-04-24 05:34:09'),(180,1,45,44,'2017-04-24 05:34:17','2017-04-24 05:34:17'),(181,1,47,49,'2017-04-24 05:34:31','2017-04-24 05:34:31'),(182,1,47,49,'2017-04-24 05:51:55','2017-04-24 05:51:55'),(183,1,47,49,'2017-04-24 05:52:23','2017-04-24 05:52:23'),(184,1,47,49,'2017-04-24 05:53:54','2017-04-24 05:53:54'),(185,1,47,49,'2017-04-24 05:54:20','2017-04-24 05:54:20'),(186,1,47,49,'2017-04-24 05:55:02','2017-04-24 05:55:02'),(187,1,47,49,'2017-04-24 05:57:18','2017-04-24 05:57:18'),(188,1,47,49,'2017-04-24 06:05:00','2017-04-24 06:05:00'),(189,1,47,49,'2017-04-24 06:05:21','2017-04-24 06:05:21'),(190,1,47,49,'2017-04-24 06:06:40','2017-04-24 06:06:40'),(191,1,47,49,'2017-04-24 06:06:50','2017-04-24 06:06:50'),(192,1,47,49,'2017-04-24 06:07:10','2017-04-24 06:07:10'),(193,1,47,49,'2017-04-24 06:07:20','2017-04-24 06:07:20'),(194,1,47,49,'2017-04-24 06:07:38','2017-04-24 06:07:38'),(195,1,47,49,'2017-04-24 06:08:23','2017-04-24 06:08:23'),(196,1,47,49,'2017-04-24 06:08:55','2017-04-24 06:08:55'),(197,1,47,49,'2017-04-24 06:09:30','2017-04-24 06:09:30'),(198,1,48,53,'2017-04-24 06:15:07','2017-04-24 06:15:07'),(199,1,47,48,'2017-04-24 06:15:15','2017-04-24 06:15:15'),(200,1,46,45,'2017-04-24 06:15:21','2017-04-24 06:15:21'),(201,1,45,44,'2017-04-24 06:15:24','2017-04-24 06:15:24'),(202,1,45,44,'2017-04-24 06:17:37','2017-04-24 06:17:37'),(203,1,45,44,'2017-04-24 06:18:30','2017-04-24 06:18:30'),(204,1,45,44,'2017-04-24 06:24:42','2017-04-24 06:24:42'),(205,1,45,44,'2017-04-24 06:25:44','2017-04-24 06:25:44'),(206,1,45,44,'2017-04-24 06:30:54','2017-04-24 06:30:54'),(207,1,45,44,'2017-04-24 06:31:28','2017-04-24 06:31:28'),(208,1,45,44,'2017-04-24 06:32:05','2017-04-24 06:32:05'),(209,1,45,44,'2017-04-24 06:32:45','2017-04-24 06:32:45'),(210,1,45,44,'2017-04-24 06:41:02','2017-04-24 06:41:02'),(211,1,45,44,'2017-04-24 06:41:22','2017-04-24 06:41:22'),(212,1,45,44,'2017-04-24 06:41:49','2017-04-24 06:41:49'),(213,1,45,44,'2017-04-24 06:42:27','2017-04-24 06:42:27'),(214,1,45,44,'2017-04-24 06:42:40','2017-04-24 06:42:40'),(215,1,45,44,'2017-04-24 06:42:53','2017-04-24 06:42:53'),(216,1,45,44,'2017-04-24 06:43:53','2017-04-24 06:43:53'),(217,1,45,44,'2017-04-24 06:44:03','2017-04-24 06:44:03'),(218,1,45,44,'2017-04-24 06:44:13','2017-04-24 06:44:13'),(219,1,45,44,'2017-04-24 06:45:00','2017-04-24 06:45:00'),(220,1,45,44,'2017-04-24 06:45:17','2017-04-24 06:45:17'),(221,1,45,44,'2017-04-24 06:45:48','2017-04-24 06:45:48'),(222,1,45,44,'2017-04-24 06:45:57','2017-04-24 06:45:57'),(223,1,45,43,'2017-04-24 06:57:19','2017-04-24 06:57:19'),(224,1,47,49,'2017-04-24 06:57:23','2017-04-24 06:57:23'),(225,1,48,53,'2017-04-24 06:57:27','2017-04-24 06:57:27'),(226,1,46,45,'2017-04-24 06:57:34','2017-04-24 06:57:34'),(227,1,46,45,'2017-04-24 06:57:49','2017-04-24 06:57:49'),(228,1,46,45,'2017-04-24 06:58:50','2017-04-24 06:58:50'),(229,1,45,44,'2017-04-24 06:59:02','2017-04-24 06:59:02'),(230,1,46,45,'2017-04-24 06:59:08','2017-04-24 06:59:08'),(231,1,47,49,'2017-04-24 06:59:22','2017-04-24 06:59:22'),(232,1,48,53,'2017-04-24 06:59:27','2017-04-24 06:59:27'),(233,1,48,53,'2017-04-24 07:00:47','2017-04-24 07:00:47'),(234,1,48,53,'2017-04-24 07:27:15','2017-04-24 07:27:15'),(235,1,48,53,'2017-04-24 07:27:57','2017-04-24 07:27:57'),(236,1,48,53,'2017-04-24 07:28:12','2017-04-24 07:28:12'),(237,1,48,53,'2017-04-24 08:01:31','2017-04-24 08:01:31'),(238,1,48,53,'2017-04-24 08:02:37','2017-04-24 08:02:37'),(239,1,48,53,'2017-04-24 08:03:09','2017-04-24 08:03:09'),(240,1,48,53,'2017-04-24 08:04:12','2017-04-24 08:04:12'),(241,1,48,53,'2017-04-24 08:04:27','2017-04-24 08:04:27'),(242,1,48,53,'2017-04-24 08:04:41','2017-04-24 08:04:41'),(243,1,48,53,'2017-04-24 08:06:00','2017-04-24 08:06:00'),(244,1,48,53,'2017-04-24 08:06:24','2017-04-24 08:06:24'),(245,1,48,53,'2017-04-24 08:07:12','2017-04-24 08:07:12'),(246,1,48,53,'2017-04-24 08:10:06','2017-04-24 08:10:06'),(247,1,48,53,'2017-04-24 08:12:53','2017-04-24 08:12:53'),(248,1,48,53,'2017-04-24 08:13:17','2017-04-24 08:13:17'),(249,1,48,53,'2017-04-24 08:14:13','2017-04-24 08:14:13'),(250,1,48,53,'2017-04-24 08:16:15','2017-04-24 08:16:15'),(251,1,48,53,'2017-04-24 08:17:26','2017-04-24 08:17:26'),(252,1,48,53,'2017-04-24 08:17:55','2017-04-24 08:17:55'),(253,1,48,53,'2017-04-24 08:18:26','2017-04-24 08:18:26'),(254,1,48,53,'2017-04-24 08:19:02','2017-04-24 08:19:02'),(255,1,48,53,'2017-04-24 08:19:35','2017-04-24 08:19:35'),(256,1,48,53,'2017-04-24 08:20:29','2017-04-24 08:20:29'),(257,1,48,53,'2017-04-24 08:21:19','2017-04-24 08:21:19'),(258,1,48,53,'2017-04-24 08:24:11','2017-04-24 08:24:11'),(259,1,48,53,'2017-04-24 08:25:42','2017-04-24 08:25:42'),(260,1,48,53,'2017-04-24 08:26:29','2017-04-24 08:26:29'),(261,1,47,50,'2017-04-24 08:33:55','2017-04-24 08:33:55'),(262,1,46,46,'2017-04-24 08:34:00','2017-04-24 08:34:00'),(263,1,48,53,'2017-04-24 08:34:04','2017-04-24 08:34:04'),(264,1,45,43,'2017-04-24 08:34:10','2017-04-24 08:34:10'),(265,1,47,50,'2017-04-24 08:40:22','2017-04-24 08:40:22'),(266,1,46,46,'2017-04-24 08:40:27','2017-04-24 08:40:27'),(267,1,45,43,'2017-04-24 08:40:33','2017-04-24 08:40:33'),(268,1,48,51,'2017-04-24 08:40:37','2017-04-24 08:40:37'),(269,1,48,51,'2017-04-24 12:00:29','2017-04-24 12:00:29'),(270,1,49,54,'2017-04-24 12:00:52','2017-04-24 12:00:52'),(271,1,47,1,'2017-04-24 12:01:18','2017-04-24 12:01:18'),(272,1,47,1,'2017-04-24 12:01:24','2017-04-24 12:01:24'),(273,1,49,54,'2017-04-24 12:01:29','2017-04-24 12:01:29'),(274,1,48,52,'2017-04-24 12:01:34','2017-04-24 12:01:34'),(275,1,46,47,'2017-04-24 12:02:21','2017-04-24 12:02:21'),(276,1,49,54,'2017-04-24 12:02:26','2017-04-24 12:02:26'),(277,1,48,1,'2017-04-24 12:03:59','2017-04-24 12:03:59'),(278,1,46,46,'2017-04-24 12:09:58','2017-04-24 12:09:58'),(279,1,46,45,'2017-04-24 12:11:31','2017-04-24 12:11:31'),(280,1,46,47,'2017-04-24 19:12:49','2017-04-24 19:12:49'),(281,1,48,53,'2017-04-24 19:12:52','2017-04-24 19:12:52'),(282,1,47,49,'2017-04-24 19:12:56','2017-04-24 19:12:56'),(283,1,49,54,'2017-04-24 19:13:02','2017-04-24 19:13:02'),(284,1,45,44,'2017-04-24 19:13:07','2017-04-24 19:13:07'),(285,1,45,44,'2017-04-24 19:13:55','2017-04-24 19:13:55'),(286,1,45,44,'2017-04-24 19:48:27','2017-04-24 19:48:27'),(287,1,45,44,'2017-04-24 19:50:03','2017-04-24 19:50:03'),(288,1,45,44,'2017-04-24 19:51:28','2017-04-24 19:51:28'),(289,1,45,44,'2017-04-24 19:52:09','2017-04-24 19:52:09'),(290,1,45,44,'2017-04-24 19:52:41','2017-04-24 19:52:41'),(291,1,45,44,'2017-04-24 19:53:34','2017-04-24 19:53:34'),(292,1,45,44,'2017-04-24 19:54:48','2017-04-24 19:54:48'),(293,1,45,44,'2017-04-24 19:55:09','2017-04-24 19:55:09'),(294,1,45,44,'2017-04-24 19:55:40','2017-04-24 19:55:40'),(295,1,45,44,'2017-04-24 19:56:09','2017-04-24 19:56:09'),(296,1,45,44,'2017-04-24 19:56:31','2017-04-24 19:56:31'),(297,1,45,44,'2017-04-24 19:56:42','2017-04-24 19:56:42'),(298,1,45,44,'2017-04-24 19:58:54','2017-04-24 19:58:54'),(299,1,45,43,'2017-04-29 10:12:32','2017-04-29 10:12:32'),(300,1,45,43,'2017-04-29 10:13:34','2017-04-29 10:13:34'),(301,1,46,47,'2017-04-29 10:13:40','2017-04-29 10:13:40'),(302,1,49,55,'2017-04-29 10:13:45','2017-04-29 10:13:45'),(303,1,47,49,'2017-04-29 10:14:53','2017-04-29 10:14:53'),(304,1,49,56,'2017-04-29 10:15:06','2017-04-29 10:15:06'),(305,1,49,56,'2017-04-29 10:18:56','2017-04-29 10:18:56'),(306,1,47,49,'2017-04-29 10:19:16','2017-04-29 10:19:16'),(307,1,45,43,'2017-04-29 10:19:56','2017-04-29 10:19:56'),(308,1,46,46,'2017-04-29 10:20:14','2017-04-29 10:20:14'),(309,1,48,52,'2017-04-29 10:21:27','2017-04-29 10:21:27'),(310,1,45,43,'2017-04-29 10:21:45','2017-04-29 10:21:45'),(311,1,46,46,'2017-04-29 10:22:15','2017-04-29 10:22:15'),(312,1,47,1,'2017-04-29 10:22:35','2017-04-29 10:22:35'),(313,1,49,54,'2017-04-29 10:22:42','2017-04-29 10:22:42'),(314,1,49,54,'2017-04-29 10:22:50','2017-04-29 10:22:50'),(315,1,45,1,'2017-04-29 10:23:11','2017-04-29 10:23:11'),(316,1,48,53,'2017-04-29 10:23:40','2017-04-29 10:23:40'),(317,1,47,48,'2017-04-29 10:25:34','2017-04-29 10:25:34'),(318,1,46,46,'2017-04-29 10:25:41','2017-04-29 10:25:41'),(319,1,49,54,'2017-04-29 10:25:47','2017-04-29 10:25:47'),(320,1,48,53,'2017-04-29 10:25:51','2017-04-29 10:25:51'),(321,1,79,67,'2017-05-11 20:51:27','2017-05-11 20:51:27'),(322,1,46,46,'2017-05-12 05:57:07','2017-05-12 05:57:07'),(323,1,48,52,'2017-05-12 05:57:11','2017-05-12 05:57:11'),(324,1,48,53,'2017-05-12 05:58:52','2017-05-12 05:58:52'),(325,1,46,45,'2017-05-12 05:58:57','2017-05-12 05:58:57'),(326,1,48,52,'2017-05-12 06:03:18','2017-05-12 06:03:18'),(327,1,48,1,'2017-05-12 06:21:25','2017-05-12 06:21:25'),(328,1,45,1,'2017-05-12 06:50:40','2017-05-12 06:50:40'),(329,1,45,44,'2017-05-12 12:07:56','2017-05-12 12:07:56'),(330,1,45,44,'2017-05-12 12:20:56','2017-05-12 12:20:56'),(331,1,45,44,'2017-05-12 12:21:40','2017-05-12 12:21:40'),(332,1,140,141,'2017-05-12 12:21:55','2017-05-12 12:21:55'),(333,1,46,45,'2017-05-12 15:41:52','2017-05-12 15:41:52'),(334,1,46,45,'2017-05-12 15:43:31','2017-05-12 15:43:31'),(335,1,46,45,'2017-05-12 15:44:14','2017-05-12 15:44:14'),(336,1,46,1,'2017-05-12 15:57:36','2017-05-12 15:57:36'),(337,1,46,1,'2017-05-12 16:04:42','2017-05-12 16:04:42'),(338,1,46,1,'2017-05-12 16:06:31','2017-05-12 16:06:31'),(339,1,46,1,'2017-05-12 16:10:01','2017-05-12 16:10:01'),(340,1,96,112,'2017-05-12 16:35:07','2017-05-12 16:35:07'),(341,1,95,109,'2017-05-12 16:35:28','2017-05-12 16:35:28'),(342,1,48,53,'2017-05-12 16:35:38','2017-05-12 16:35:38'),(343,1,146,157,'2017-05-12 16:48:39','2017-05-12 16:48:39'),(344,1,147,160,'2017-05-12 16:50:58','2017-05-12 16:50:58'),(345,1,146,156,'2017-05-12 16:51:02','2017-05-12 16:51:02'),(346,1,147,160,'2017-05-12 16:51:20','2017-05-12 16:51:20'),(347,1,149,1,'2017-05-12 16:55:34','2017-05-12 16:55:34'),(348,1,149,1,'2017-05-12 16:56:42','2017-05-12 16:56:42'),(349,1,149,166,'2017-05-12 16:57:06','2017-05-12 16:57:06'),(350,1,150,1,'2017-05-12 16:58:14','2017-05-12 16:58:14'),(351,1,149,1,'2017-05-12 16:58:35','2017-05-12 16:58:35'),(352,1,156,180,'2017-05-12 17:51:35','2017-05-12 17:51:35'),(353,1,157,183,'2017-05-12 17:54:45','2017-05-12 17:54:45'),(354,1,159,188,'2017-05-12 17:55:09','2017-05-12 17:55:09'),(355,1,159,189,'2017-05-12 17:59:03','2017-05-12 17:59:03'),(356,1,157,183,'2017-05-12 17:59:07','2017-05-12 17:59:07'),(357,1,160,192,'2017-05-12 18:00:16','2017-05-12 18:00:16'),(358,1,158,185,'2017-05-12 18:00:40','2017-05-12 18:00:40'),(359,1,157,183,'2017-05-12 18:02:28','2017-05-12 18:02:28'),(360,1,158,186,'2017-05-12 18:02:37','2017-05-12 18:02:37'),(361,1,160,1,'2017-05-12 18:02:58','2017-05-12 18:02:58'),(362,1,159,189,'2017-05-12 18:03:03','2017-05-12 18:03:03'),(363,1,160,192,'2017-05-12 18:04:12','2017-05-12 18:04:12'),(364,1,158,1,'2017-05-12 18:04:33','2017-05-12 18:04:33'),(365,1,159,1,'2017-05-12 18:04:54','2017-05-12 18:04:54'),(366,1,157,1,'2017-05-12 18:05:16','2017-05-12 18:05:16'),(367,1,161,1,'2017-05-12 18:08:02','2017-05-12 18:08:02'),(368,1,168,1,'2017-05-12 18:22:11','2017-05-12 18:22:11'),(369,1,168,1,'2017-05-12 18:26:38','2017-05-12 18:26:38'),(370,1,168,1,'2017-05-12 18:28:00','2017-05-12 18:28:00'),(371,1,168,1,'2017-05-12 18:28:40','2017-05-12 18:28:40'),(372,1,168,1,'2017-05-12 18:29:25','2017-05-12 18:29:25'),(373,1,96,112,'2017-05-12 18:29:50','2017-05-12 18:29:50'),(374,1,46,1,'2017-05-12 18:30:19','2017-05-12 18:30:19'),(375,1,96,1,'2017-05-12 18:30:58','2017-05-12 18:30:58'),(376,1,48,52,'2017-05-12 18:31:06','2017-05-12 18:31:06'),(377,1,95,109,'2017-05-12 18:31:24','2017-05-12 18:31:24'),(378,1,46,46,'2017-05-12 18:31:39','2017-05-12 18:31:39'),(379,1,95,109,'2017-05-12 18:32:01','2017-05-12 18:32:01'),(380,1,96,1,'2017-05-12 18:32:22','2017-05-12 18:32:22'),(381,1,46,46,'2017-05-13 10:52:07','2017-05-13 10:52:07'),(382,1,46,46,'2017-05-16 20:29:31','2017-05-16 20:29:31'),(383,1,168,1,'2017-05-16 20:30:15','2017-05-16 20:30:15'),(384,1,46,46,'2017-05-21 19:39:45','2017-05-21 19:39:45');
/*!40000 ALTER TABLE `exams` ENABLE KEYS */;
UNLOCK TABLES;

--
-- Table structure for table `migrations`
--

DROP TABLE IF EXISTS `migrations`;
/*!40101 SET @saved_cs_client     = @@character_set_client */;
/*!40101 SET character_set_client = utf8 */;
CREATE TABLE `migrations` (
  `id` int(10) unsigned NOT NULL AUTO_INCREMENT,
  `migration` varchar(191) COLLATE utf8mb4_unicode_ci NOT NULL,
  `batch` int(11) NOT NULL,
  PRIMARY KEY (`id`)
) ENGINE=MyISAM AUTO_INCREMENT=37 DEFAULT CHARSET=utf8mb4 COLLATE=utf8mb4_unicode_ci;
/*!40101 SET character_set_client = @saved_cs_client */;

--
-- Dumping data for table `migrations`
--

LOCK TABLES `migrations` WRITE;
/*!40000 ALTER TABLE `migrations` DISABLE KEYS */;
INSERT INTO `migrations` VALUES (16,'2014_10_12_000000_create_users_table',1),(17,'2014_10_12_100000_create_password_resets_table',1),(18,'2017_04_02_064017_create_articles_table',1),(19,'2017_04_04_002032_remove_name_column',2),(20,'2017_04_06_230127_create_sections_table',3),(21,'2017_04_07_211538_change_sectionIdON_artiles',4),(22,'2017_04_07_222010_change_section_name',5),(23,'2017_04_07_231602_change_nullable_sections',6),(24,'2017_04_15_223853_create_questions_table',7),(25,'2017_04_18_163102_create_exam_takers_table',8),(26,'2017_04_18_174416_add_counter_to_examtaker',9),(27,'2017_04_18_230929_create_mcqs_table',10),(28,'2017_04_19_203805_create_questions_table',11),(29,'2017_04_19_204600_create_answers_table',11),(30,'2017_04_19_204944_create_exams_table',11),(31,'2017_04_19_221140_add-correct-to-answer',12),(32,'2017_04_28_194730_create_social_providers_table',13),(33,'2017_04_28_215816_password-nullalble-users',14),(34,'2017_05_11_211740_create_chapters_table',15),(35,'2017_05_12_213423_change_title_in_questions',16),(36,'2017_05_13_090326_add_class_to_chapters_table',17);
/*!40000 ALTER TABLE `migrations` ENABLE KEYS */;
UNLOCK TABLES;

--
-- Table structure for table `password_resets`
--

DROP TABLE IF EXISTS `password_resets`;
/*!40101 SET @saved_cs_client     = @@character_set_client */;
/*!40101 SET character_set_client = utf8 */;
CREATE TABLE `password_resets` (
  `email` varchar(191) COLLATE utf8mb4_unicode_ci NOT NULL,
  `token` varchar(191) COLLATE utf8mb4_unicode_ci NOT NULL,
  `created_at` timestamp NULL DEFAULT NULL,
  KEY `password_resets_email_index` (`email`)
) ENGINE=MyISAM DEFAULT CHARSET=utf8mb4 COLLATE=utf8mb4_unicode_ci;
/*!40101 SET character_set_client = @saved_cs_client */;

--
-- Dumping data for table `password_resets`
--

LOCK TABLES `password_resets` WRITE;
/*!40000 ALTER TABLE `password_resets` DISABLE KEYS */;
INSERT INTO `password_resets` VALUES ('ahmad.rasheed1@yahoo.com','$2y$10$TrtwTB5QgureDIYiS76uDu9egGPf7Tgg8wVNuYsnC6TFaL/1.PFlm','2017-04-04 11:13:19');
/*!40000 ALTER TABLE `password_resets` ENABLE KEYS */;
UNLOCK TABLES;

--
-- Table structure for table `questions`
--

DROP TABLE IF EXISTS `questions`;
/*!40101 SET @saved_cs_client     = @@character_set_client */;
/*!40101 SET character_set_client = utf8 */;
CREATE TABLE `questions` (
  `id` int(10) unsigned NOT NULL AUTO_INCREMENT,
  `title` text COLLATE utf8mb4_unicode_ci NOT NULL,
  `correct` int(11) NOT NULL DEFAULT '1',
  `chapter` varchar(191) COLLATE utf8mb4_unicode_ci NOT NULL,
  `book` varchar(191) COLLATE utf8mb4_unicode_ci NOT NULL,
  `class` varchar(191) COLLATE utf8mb4_unicode_ci NOT NULL,
  `school` varchar(191) COLLATE utf8mb4_unicode_ci DEFAULT 'babil',
  `type` varchar(191) COLLATE utf8mb4_unicode_ci DEFAULT 'Mcq',
  `active` int(11) DEFAULT '1',
  `difficulty` int(11) DEFAULT '1',
  `info` varchar(191) COLLATE utf8mb4_unicode_ci DEFAULT 'information',
  `user_id` int(11) DEFAULT '1',
  `user_name` varchar(191) COLLATE utf8mb4_unicode_ci DEFAULT 'unknown',
  `created_at` timestamp NULL DEFAULT NULL,
  `updated_at` timestamp NULL DEFAULT NULL,
  PRIMARY KEY (`id`)
) ENGINE=MyISAM AUTO_INCREMENT=169 DEFAULT CHARSET=utf8mb4 COLLATE=utf8mb4_unicode_ci;
/*!40101 SET character_set_client = @saved_cs_client */;

--
-- Dumping data for table `questions`
--

LOCK TABLES `questions` WRITE;
/*!40000 ALTER TABLE `questions` DISABLE KEYS */;
INSERT INTO `questions` VALUES (46,'يقع نهر النيل في دولة ..... ؟',2,'1','history','1','متوسطة الرافدين','Mcq',1,1,'information',1,'unknown','2017-04-21 20:52:54','2017-04-21 20:52:54'),(47,'take=took,       buy= ...........?',2,'1','en','1','متوسطة الرافدين','Mcq',1,1,'information',1,'unknown','2017-04-21 20:58:09','2017-04-21 20:58:09'),(48,'برشلونة نادي في .......؟',2,'3','history','3','','Mcq',1,1,'information',1,'unknown','2017-04-22 12:31:03','2017-04-22 12:31:03'),(95,'معركة وادي جيرالند',2,'2','history','3','','Mcq',1,1,'information',1,'unknown','2017-05-12 06:16:36','2017-05-12 06:16:36'),(96,'معركة عين جالوت في الفصل الرابع',2,'4','history','3','','Mcq',1,1,'information',1,'unknown','2017-05-12 06:20:32','2017-05-12 06:20:32'),(45,'يقع نهر الفرات في دولة ..... ؟',2,'1','geo','3','متوسطة الرافدين','Mcq',1,1,'information',1,'unknown','2017-04-21 20:51:23','2017-04-21 20:51:23'),(168,'<p><img style=\"display: block; margin-left: auto; margin-right: auto;\" src=\"/photos//IMG_2805.JPG\" alt=\"\" width=\"273\" height=\"204\" /></p>\r\n<h2 dir=\"rtl\" style=\"text-align: right;\">س/ تقع مدينة الكاظمية المقدسة في محافظة كربلاء.&nbsp;</h2>',2,'1','geo','1','','tf',1,1,'information',1,'unknown','2017-05-12 18:21:21','2017-05-12 18:21:21');
/*!40000 ALTER TABLE `questions` ENABLE KEYS */;
UNLOCK TABLES;

--
-- Table structure for table `sections`
--

DROP TABLE IF EXISTS `sections`;
/*!40101 SET @saved_cs_client     = @@character_set_client */;
/*!40101 SET character_set_client = utf8 */;
CREATE TABLE `sections` (
  `id` int(10) unsigned NOT NULL AUTO_INCREMENT,
  `section_title` varchar(191) COLLATE utf8mb4_unicode_ci NOT NULL,
  `discription` text COLLATE utf8mb4_unicode_ci NOT NULL,
  `image_path` varchar(191) COLLATE utf8mb4_unicode_ci DEFAULT NULL,
  `article_id` int(11) DEFAULT NULL,
  `user_id` int(11) DEFAULT NULL,
  `admin_id` int(11) DEFAULT '1',
  `created_at` timestamp NULL DEFAULT NULL,
  `updated_at` timestamp NULL DEFAULT NULL,
  PRIMARY KEY (`id`)
) ENGINE=MyISAM AUTO_INCREMENT=75 DEFAULT CHARSET=utf8mb4 COLLATE=utf8mb4_unicode_ci;
/*!40101 SET character_set_client = @saved_cs_client */;

--
-- Dumping data for table `sections`
--

LOCK TABLES `sections` WRITE;
/*!40000 ALTER TABLE `sections` DISABLE KEYS */;
INSERT INTO `sections` VALUES (1,'كفاءة الحاسوب','قسم يهتم بكل ما يتعلق بامتحان كفاءة الحاسوب','no photo',NULL,NULL,1,'2017-05-19 19:33:49','2017-05-19 19:33:49'),(2,'قسم امتحان اللغة الانكليزية','كل ما يهم امتحان كفاءة اللغة الانكليزية','no photo',NULL,NULL,1,'2017-05-24 18:34:06','2017-05-26 10:00:59'),(5,'امتحان تنافسي','هذا القسم يضم كل ما يتعلق بمواد التنافسي لكافة الكليات','no photo',NULL,NULL,1,'2017-05-26 09:59:32','2017-05-26 09:59:32'),(6,'وزارة التعليم العالي','كل كتب الرسمية لوزارة التعليم العالي','no photo',NULL,NULL,1,'2017-05-26 10:00:33','2017-05-26 10:00:33');
/*!40000 ALTER TABLE `sections` ENABLE KEYS */;
UNLOCK TABLES;

--
-- Table structure for table `social_providers`
--

DROP TABLE IF EXISTS `social_providers`;
/*!40101 SET @saved_cs_client     = @@character_set_client */;
/*!40101 SET character_set_client = utf8 */;
CREATE TABLE `social_providers` (
  `id` int(10) unsigned NOT NULL AUTO_INCREMENT,
  `user_id` int(10) unsigned NOT NULL,
  `provider_id` varchar(191) COLLATE utf8mb4_unicode_ci NOT NULL,
  `provider` varchar(191) COLLATE utf8mb4_unicode_ci NOT NULL,
  `created_at` timestamp NULL DEFAULT NULL,
  `updated_at` timestamp NULL DEFAULT NULL,
  PRIMARY KEY (`id`)
) ENGINE=MyISAM AUTO_INCREMENT=7 DEFAULT CHARSET=utf8mb4 COLLATE=utf8mb4_unicode_ci;
/*!40101 SET character_set_client = @saved_cs_client */;

--
-- Dumping data for table `social_providers`
--

LOCK TABLES `social_providers` WRITE;
/*!40000 ALTER TABLE `social_providers` DISABLE KEYS */;
INSERT INTO `social_providers` VALUES (5,6,'1777922642235912','facebook','2017-04-28 19:13:16','2017-04-28 19:13:16'),(6,7,'291533777939502','facebook','2017-04-28 19:19:35','2017-04-28 19:19:35');
/*!40000 ALTER TABLE `social_providers` ENABLE KEYS */;
UNLOCK TABLES;

--
-- Table structure for table `users`
--

DROP TABLE IF EXISTS `users`;
/*!40101 SET @saved_cs_client     = @@character_set_client */;
/*!40101 SET character_set_client = utf8 */;
CREATE TABLE `users` (
  `id` int(10) unsigned NOT NULL AUTO_INCREMENT,
  `email` varchar(191) COLLATE utf8mb4_unicode_ci NOT NULL,
  `password` varchar(191) COLLATE utf8mb4_unicode_ci DEFAULT NULL,
  `remember_token` varchar(100) COLLATE utf8mb4_unicode_ci DEFAULT NULL,
  `created_at` timestamp NULL DEFAULT NULL,
  `updated_at` timestamp NULL DEFAULT NULL,
  PRIMARY KEY (`id`),
  UNIQUE KEY `users_email_unique` (`email`)
) ENGINE=MyISAM AUTO_INCREMENT=9 DEFAULT CHARSET=utf8mb4 COLLATE=utf8mb4_unicode_ci;
/*!40101 SET character_set_client = @saved_cs_client */;

--
-- Dumping data for table `users`
--

LOCK TABLES `users` WRITE;
/*!40000 ALTER TABLE `users` DISABLE KEYS */;
INSERT INTO `users` VALUES (2,'a@yahoo.com','$2y$10$xW8iJ5p8vempDiPtC0.38.OC9i12pgh3AFnfUrTLSxxf83iOTvcBO','bR9OCOGGHb3eunKEh3GAKstRaFeimy2mvM0zUT84Ttb2XGZTHkFZU7jRWqEd','2017-04-03 21:26:57','2017-04-03 21:26:57'),(7,'machete.iraq@gmail.com',NULL,NULL,'2017-04-28 19:19:35','2017-04-28 19:19:35'),(8,'ahmad.rasheed1@yahoo.com','$2y$10$odfukAXgI1S5JE/uRkJPz.CkTZE4Yy7.4dDr0diE4DtKE9lpZUaES','jTxMzNMzjlNhyrIcbOjqXvtu7GDTUyBPM2SMc7csVGqNZibJIOBGuEOERy0k','2017-05-24 20:04:56','2017-05-24 20:04:56');
/*!40000 ALTER TABLE `users` ENABLE KEYS */;
UNLOCK TABLES;
/*!40103 SET TIME_ZONE=@OLD_TIME_ZONE */;

/*!40101 SET SQL_MODE=@OLD_SQL_MODE */;
/*!40014 SET FOREIGN_KEY_CHECKS=@OLD_FOREIGN_KEY_CHECKS */;
/*!40014 SET UNIQUE_CHECKS=@OLD_UNIQUE_CHECKS */;
/*!40101 SET CHARACTER_SET_CLIENT=@OLD_CHARACTER_SET_CLIENT */;
/*!40101 SET CHARACTER_SET_RESULTS=@OLD_CHARACTER_SET_RESULTS */;
/*!40101 SET COLLATION_CONNECTION=@OLD_COLLATION_CONNECTION */;
/*!40111 SET SQL_NOTES=@OLD_SQL_NOTES */;

-- Dump completed on 2017-06-07  1:39:22
